[
    {
        "id": "1",
        "titulo": "Attention: Plugin Under Development",
        "mensagem": "This plugin is currently in active development. Some features may not be available or are being tested and optimized. We appreciate your understanding and patience. If you encounter any issues, please report them to us on our GitHub page to help improve the plugin. [GitHub Repository](https://github.com/arielkeybob/professional-referral-directory)",
        "trigger": "on_activation",
        "status": "ativo"
    },
    {
        "id": "2",
        "titulo": "Contribute to Plugin Development",
        "mensagem": "As a plugin in development, we value your contribution! If you have ideas, suggestions, or want to participate in the improvement process, please reach out to us. Together, we can build something amazing!",
        "trigger": "on_activation",
        "status": "ativo"
    }
]
